Date,Product,Category,Region,Sales,Quantity,Customer_Rating
2026-01-01,Laptop,Electronics,South,85000,2,4.5
2026-01-03,Phone,Electronics,East,52000,3,4.2
2026-01-05,Chair,Furniture,South,12000,5,4.0
2026-01-07,Desk,Furniture,West,24000,2,4.4
2026-01-10,Monitor,Electronics,North,30000,4,4.1
2026-01-12,Keyboard,Accessories,South,4500,10,4.6
2026-01-15,Mouse,Accessories,East,2200,12,4.3
2026-01-18,Laptop,Electronics,West,90000,2,4.8
2026-01-20,Phone,Electronics,North,48000,3,4.0
2026-01-22,Chair,Furniture,East,15000,6,3.9
2026-01-25,Desk,Furniture,South,26000,2,4.5
2026-01-28,Monitor,Electronics,West,28000,4,4.2
2026-02-01,Keyboard,Accessories,North,5000,11,4.7
2026-02-03,Mouse,Accessories,South,2500,15,4.4
2026-02-05,Laptop,Electronics,East,87000,2,4.6
2026-02-07,Phone,Electronics,South,,4,4.1
2026-02-10,Chair,Furniture,West,13000,5,3.8
2026-02-12,Desk,Furniture,North,25000,3,4.3
2026-02-15,Monitor,Electronics,East,31000,4,4.5
2026-02-18,Keyboard,Accessories,West,4800,9,4.6
2026-02-20,Mouse,Accessories,North,2100,10,4.2
2026-02-22,Laptop,Electronics,South,92000,2,4.9
2026-02-25,Phone,Electronics,West,51000,3,4.0
2026-02-28,Chair,Furniture,South,14000,5,4.1
